,English word,French word,Frequency
0,about,sur,308
1,above,au dessus,96
2,abroad,à l'étranger,20
3,absence,absence,34
4,abuse,abuser de,24
5,according,selon,23
6,account,Compte,30
7,accuse,accuser,30
8,acquainted,connaissance,34
9,action,action,67
10,advantage,avantage,50
11,advice,Conseil,19
12,affairs,affaires,37
13,affection,affection,38
14,affections,affections,24
15,afraid,peur,25
16,after,après,267
17,afterwards,ensuite,29
18,again,encore,242
19,alive,vivant,35
20,almost,presque,135
21,alone,seul,79
22,along,le long de,57
23,already,déjà,62
24,although,bien que,33
25,always,toujours,55
26,ambition,ambition,16
27,ancient,ancien,59
28,angel,ange,35
29,anger,colère,30
30,another,un autre,248
31,answer,répondre,255
32,anything,n'importe quoi,65
33,apparel,vêtements,24
34,appear,apparaître,79
35,appears,apparaît,39
36,approach,approche,30
37,argument,argument,38
38,ariel,Ariel,0
39,armour,armure,27
40,aside,de côté,24
41,asleep,endormi,13
42,assure,assurer,45
43,athens,Athènes,0
44,attend,assister,85
45,attended,assisté,28
46,authority,autorité,27
47,avoid,éviter,22
48,awake,éveillé,25
49,awhile,quelque temps,22
50,banish,bannir,28
51,barren,Dénudé,31
52,bassianus,bassianus,0
53,bastard,Connard,46
54,battle,bataille,68
55,beard,barbe,40
56,bearing,palier,52
57,bears,ours,80
58,beast,la bête,36
59,beaten,battu,32
60,beauty,beauté,132
61,because,car,80
62,become,devenir,123
63,bedford,Bedford,0
64,before,avant,486
65,beggar,mendiant,23
66,begin,commencer,69
67,behalf,nom,24
68,behind,derrière,72
69,behold,voir,94
70,being,étant,526
71,believe,croyez,159
72,belike,être comme,11
73,below,au dessous de,29
74,benefit,avantage,29
75,besides,outre,29
76,betray,trahir,36
77,better,mieux,474
78,between,entre,183
79,beyond,au-delà,40
80,birth,naissance,30
81,bishop,évêque,3
82,bitter,amer,64
83,black,noir,109
84,blame,faire des reproches,55
85,bless,bénir,82
86,blessing,bénédiction,22
87,blest,heureux,35
88,blind,aveugle,48
89,blood,du sang,338
90,blows,coups,37
91,blunt,cru,21
92,blush,rougir,30
93,bodies,corps,30
94,bones,des os,37
95,borne,supporté,60
96,bottom,bas,28
97,bought,acheté,42
98,bound,lié,126
99,bounty,prime,22
100,brain,cerveau,43
101,brains,cerveaux,22
102,brave,courageux,134
103,breast,Sein,35
104,breath,souffle,115
105,breed,race,39
106,brief,bref,35
107,bright,brillant,50
108,bring,apporter,362
109,broke,cassé,70
110,brook,ruisseau,29
111,brother,frère,259
112,brought,apporté,178
113,brows,sourcils,21
114,burden,fardeau,27
115,buried,enterré,35
116,burning,brûlant,36
117,business,Entreprise,130
118,cannot,ne peux pas,676
119,capitol,Capitole,0
120,captain,capitaine,29
121,cardinal,cardinal,3
122,cares,se soucie,26
123,carry,porter,73
124,castle,Château,16
125,catch,capture,56
126,cause,cause,207
127,cease,cesser,27
128,certain,certain,116
129,chain,chaîne,30
130,chair,chaise,16
131,challenge,défi,34
132,chamber,chambre,41
133,chance,chance,69
134,change,changement,113
135,charge,charge,128
136,charity,charité,23
137,chaste,chaste,24
138,cheek,joue,38
139,cheer,acclamation,41
140,chide,gronder,35
141,chief,chef,27
142,child,enfant,92
143,choice,choix,36
144,church,église,21
145,cinna,cinna,0
146,citizen,citoyenne,3
147,civil,civil,42
148,claim,prétendre,50
149,clarence,clarté,0
150,claud,claud,0
151,claudio,Claudio,0
152,clear,clair,42
153,clifford,Clifford,0
154,close,proche,61
155,cloten,cailloter,0
156,clothes,vêtements,22
157,clouds,des nuages,35
158,clown,pitre,6
159,college,Université,3
160,colour,Couleur,46
161,comes,vient,487
162,comfort,confort,110
163,coming,venir,77
164,cominius,cominius,0
165,command,commander,85
166,commanded,commandé,24
167,commend,saluer,53
168,commercial,commercial,0
169,commission,commission,27
170,commit,commettre,25
171,common,commun,135
172,companion,un compagnon,19
173,company,entreprise,72
174,complete,Achevée,14
175,complexion,complexion,23
176,condition,état,30
177,conduct,conduite,40
178,confess,avouer,82
179,conscience,conscience,60
180,consent,consentement,51
181,consider,considérer,30
182,constable,gendarme,6
183,constant,constant,36
184,contempt,mépris,19
185,content,contenu,79
186,contrary,contraire,20
187,copies,copies,3
188,copyright,droits d'auteur,7
189,could,pourrait,533
190,council,conseil,8
191,counsel,Conseil,63
192,count,compter,29
193,counterfeit,contrefaire,28
194,countess,comtesse,1
195,country,pays,77
196,courage,courage,31
197,course,cours,100
198,court,tribunal,107
199,courtesy,courtoisie,17
200,cousin,cousin,94
201,coward,lâche,36
202,crave,demander,39
203,creature,créature,35
204,credit,crédit,30
205,cromwell,Cromwell,0
206,cross,traverser,46
207,crown,couronne,120
208,cruel,cruel,54
209,cunning,ruse,56
210,cupid,Cupidon,0
211,curse,malédiction,69
212,custom,Douane,22
213,dagger,dague,24
214,damned,damné,42
215,dance,Danse,34
216,danger,danger,54
217,darkness,obscurité,23
218,daughter,fille,189
219,deadly,mortel,41
220,dearest,très cher,51
221,dearly,chèrement,20
222,death,décès,328
223,deeds,actes,71
224,defend,défendre,60
225,degree,diplôme,22
226,delight,délice,34
227,deliver,livrer,74
228,demand,demande,33
229,denied,refusé,38
230,depart,partir,33
231,desert,désert,24
232,deserve,mériter,47
233,desire,le désir,161
234,despair,désespoir,22
235,desperate,désespéré,41
236,despite,malgré,34
237,device,dispositif,17
238,devil,diable,126
239,devise,concevoir,34
240,didst,didst,140
241,dinner,dîner,22
242,discourse,discours,30
243,discover,découvrir,27
244,disgrace,disgrâce,30
245,dishonour,déshonorer,31
246,dispatch,envoi,29
247,displeasure,mécontentement,23
248,disposition,disposition,23
249,distributed,distribué,1
250,divine,Divin,28
251,doctor,docteur,11
252,doing,Faire,43
253,dolabella,Dolabella,0
254,doors,des portes,34
255,double,double,62
256,doubt,doute,107
257,download,Télécharger,0
258,dramatis,dramatis,0
259,drawn,tiré,53
260,dread,crainte,40
261,dreadful,horrible,57
262,dream,rêver,56
263,dreams,rêves,26
264,drink,boisson,97
265,drops,gouttes,41
266,drown,noyer,35
267,drums,tambours,20
268,drunk,ivre,39
269,duncan,Duncan,0
270,durst,durst,43
271,dwell,habiter,29
272,dying,en train de mourir,27
273,early,de bonne heure,35
274,earth,Terre,138
275,edmund,Edmund,0
276,effect,effet,41
277,egypt,Egypte,0
278,either,Soit,97
279,elbow,coude,4
280,elder,aîné,28
281,embrace,embrasse,48
282,emilia,Émilie,0
283,emperor,empereur,6
284,empty,vide,37
285,encounter,rencontre,39
286,endure,supporter,61
287,enemies,ennemis,35
288,enemy,ennemi,78
289,enjoy,prendre plaisir,33
290,enobarbus,énobarbus,0
291,enough,assez,147
292,enter,entrer,87
293,entertain,divertir,35
294,entertainment,divertissement,18
295,entreat,supplier,94
296,equal,égal,41
297,estate,biens,28
298,eternal,éternel,33
299,every,chaque,455
300,everything,tout,34
301,excellent,excellent,83
302,except,sauf,18
303,excuse,excuse,51
304,execution,exécution,25
305,exeter,Exeter,0
306,exeunt,sortir,3
307,express,Express,30
308,faces,visages,22
309,faint,perdre connaissance,26
310,fairy,Fée,32
311,faith,Foi,73
312,falls,des chutes,40
313,false,faux,204
314,familiar,familier,27
315,fancy,fantaisie,22
316,farewell,adieu,24
317,farther,plus loin,26
318,fashion,mode,54
319,fatal,fatal,37
320,father,père,396
321,fault,faute,89
322,favour,favoriser,65
323,fearful,craintif,76
324,fears,peurs,45
325,feast,le banquet,53
326,feeble,faible,18
327,fellow,compagnon,132
328,fenton,Fenton,0
329,ferdinand,Ferdinand,0
330,fetch,chercher,100
331,field,champ,76
332,fiend,démon,36
333,fierce,féroce,34
334,fiery,ardent,43
335,fight,bats toi,152
336,figure,figure,27
337,finds,trouve,33
338,finger,doigt,39
339,first,première,337
340,flatter,flatter,29
341,flesh,la chair,85
342,flies,mouches,34
343,flight,vol,20
344,flood,inonder,23
345,flourish,fleurir,21
346,flower,fleur,16
347,flowers,fleurs,24
348,follow,suivre,190
349,folly,folie,34
350,foolish,insensé,81
351,fools,imbéciles,59
352,forbear,ancêtre,18
353,forbid,interdire,39
354,force,Obliger,75
355,forces,les forces,33
356,forest,forêt,44
357,forget,oublier,73
358,former,ancien,59
359,forsooth,en vérité,0
360,forth,en avant,227
361,fortune,fortune,144
362,forward,vers l'avant,42
363,fought,combattu,43
364,found,a trouvé,175
365,fourth,Quatrième,8
366,frame,Cadre,35
367,france,France,0
368,freely,librement,34
369,french,français,0
370,fresh,Frais,74
371,friend,ami,161
372,frown,froncer les sourcils,24
373,fruit,fruit,26
374,further,plus loin,116
375,gallant,galant,47
376,garden,jardin,32
377,gates,portes,56
378,gaunt,décharné,2
379,general,général,128
380,gentle,doux,312
381,ghost,fantôme,12
382,given,donné,164
383,giving,donnant,31
384,glass,verre,32
385,glorious,glorieux,37
386,glory,gloire,61
387,going,Aller,65
388,golden,d'or,85
389,goodness,la bonté,35
390,gower,gower,0
391,grace,la grâce,163
392,grant,subvention,80
393,grave,la tombe,80
394,great,génial,758
395,green,vert,52
396,greet,saluer,38
397,grief,douleur,112
398,grieve,pleurer,36
399,gross,brut,43
400,ground,sol,64
401,grown,grandi,53
402,guard,garde,68
403,guess,devine,30
404,guilty,coupable,50
405,habit,habitude,25
406,hands,mains,167
407,hanging,pendaison,21
408,hangs,bloque,33
409,happiness,bonheur,32
410,happy,heureux,157
411,haste,hâte,72
412,hateful,odieux,38
413,having,ayant,111
414,hazard,danger,32
415,heads,têtes,60
416,health,santé,42
417,heard,entendu,289
418,heart,cœur,526
419,heaven,paradis,285
420,heavy,lourd,138
421,hector,Hector,0
422,heels,talons,30
423,hence,Par conséquent,129
424,henceforth,désormais,24
425,hereafter,"ci-après, par la suite",15
426,herself,se,51
427,highness,altesse,1
428,holds,tient,68
429,hollow,creux,40
430,honest,honnête,202
431,horse,cheval,104
432,hostess,hôtesse,11
433,hours,heures,86
434,house,maison,266
435,hubert,Hubert,0
436,humble,humble,56
437,humour,humour,62
438,hundred,cent,104
439,husband,mari,125
440,ignorant,ignorant,39
441,image,image,37
442,includes,comprend,2
443,indeed,En effet,125
444,infinite,infini,30
445,innocent,innocent,40
446,instant,instant,45
447,intend,avoir l'intention,40
448,intent,intention,26
449,issue,problème,77
450,itself,lui-même,136
451,jealous,jaloux,38
452,jewel,bijou,34
453,judge,juge,39
454,judgment,jugement,53
455,julia,Julia,0
456,justice,Justice,70
457,keeps,garde,63
458,kindness,la gentillesse,24
459,kingdom,Royaume,44
460,kings,rois,51
461,knave,fripon,62
462,kneel,s'agenouiller,32
463,knees,les genoux,26
464,knife,couteau,23
465,knight,Chevalier,38
466,knock,frappe,41
467,knowing,connaissance,27
468,knowledge,connaissance,49
469,known,connu,134
470,knows,sait,170
471,labour,la main d'oeuvre,47
472,ladies,Dames,41
473,ladyship,Madame,21
474,lands,terres,30
475,large,grand,54
476,laugh,rire,64
477,launce,lancer,0
478,lawful,légitime,49
479,learn,apprendre,66
480,learned,appris,43
481,least,moins,67
482,leave,laisser,477
483,leisure,loisir,35
484,leontes,leontes,0
485,letter,lettre,115
486,liberty,liberté,23
487,library,bibliothèque,2
488,liege,Liege,5
489,lieutenant,lieutenant,6
490,light,lumière,139
491,limbs,membres,29
492,little,peu,401
493,lives,vies,116
494,living,vivant,81
495,longer,plus long,74
496,looks,regards,132
497,loose,ample,33
498,lords,seigneurs,61
499,lordship,seigneurie,63
500,lorenzo,Lorenzo,0
501,lovely,charmant,51
502,lovers,les amoureux,34
503,loves,aime,149
504,loving,aimant,105
505,lucentio,Lucentio,0
506,machine,machine,2
507,madness,la démence,31
508,maiden,jeune fille,34
509,maids,servantes,22
510,maintain,maintenir,31
511,majesty,majesté,27
512,makes,fait du,300
513,making,fabrication,45
514,malice,malice,47
515,manner,manière,64
516,march,Mars,55
517,marcius,Marcius,0
518,marcus,Marcus,0
519,margaret,margaret,0
520,maria,maria,0
521,mariana,Mariana,0
522,marriage,mariage,56
523,marry,marier,102
524,master,Maître,202
525,match,rencontre,45
526,matter,matière,140
527,meaning,sens,28
528,means,veux dire,197
529,meant,signifiait,40
530,measure,mesure,65
531,meeting,réunion,32
532,membership,adhésion,0
533,memory,Mémoire,33
534,merchant,marchande,13
535,mercy,pitié,83
536,merit,mérite,32
537,merry,joyeux,98
538,messenger,Messager,28
539,midnight,minuit,19
540,might,pourrait,414
541,mighty,puissant,97
542,milan,Milan,0
543,minds,esprits,36
544,minister,ministre,27
545,miranda,Miranda,0
546,mirth,gaieté,20
547,mischief,sottises,23
548,misery,misère,15
549,mistake,erreur,23
550,mistress,maîtresse,86
551,modest,modeste,30
552,money,argent,92
553,monster,monstre,19
554,month,mois,23
555,morning,Matin,68
556,morrow,demain,19
557,mortal,mortel,83
558,mother,mère,154
559,motion,mouvement,47
560,mouth,bouche,64
561,mowbray,mowbray,0
562,murder,meurtre,34
563,murther,aller plus loin,18
564,music,la musique,83
565,myself,moi même,259
566,naked,nu,38
567,names,des noms,25
568,native,originaire de,42
569,natural,Naturel,50
570,nature,la nature,188
571,needs,Besoins,136
572,neighbour,voisine,27
573,neither,ni,99
574,never,jamais,865
575,niece,nièce,24
576,night,nuit,270
577,noble,noble,547
578,noise,bruit,70
579,nothing,rien,365
580,nought,néant,42
581,number,nombre,36
582,nurse,infirmière,21
583,oaths,serments,35
584,obedience,obéissance,20
585,oberon,Oberon,0
586,object,objet,26
587,occasion,occasion,54
588,offence,infraction,50
589,offend,offenser,45
590,offer,offre,66
591,office,Bureau,70
592,often,souvent,116
593,oliver,oliver,0
594,opinion,opinion,44
595,order,ordre,63
596,orlando,orlando,0
597,other,autre,544
598,others,autres,96
599,ourselves,nous-mêmes,66
600,outward,vers l'extérieur,45
601,oxford,Oxford,0
602,padua,Padoue,0
603,pains,des douleurs,45
604,painted,peint,44
605,painter,peintre,6
606,palace,palais,131
607,pandarus,Pandarus,0
608,paper,papier,50
609,pardon,pardon,150
610,paris,Paris,0
611,parolles,parolles,0
612,parted,séparé,30
613,particular,particulier,39
614,partly,partiellement,31
615,parts,les pièces,71
616,party,fête,38
617,passage,passage,29
618,passion,la passion,66
619,patience,la patience,55
620,patient,patient,34
621,paulina,paulina,0
622,peace,paix,157
623,pedro,pedro,0
624,people,gens,95
625,perceive,apercevoir,83
626,percy,Percy,0
627,perfect,parfait,43
628,perhaps,peut-être,20
629,peril,péril,24
630,permission,autorisation,1
631,person,la personne,76
632,personal,personnel,12
633,phebe,phebe,0
634,philip,Philippe,0
635,picture,image,20
636,piece,pièce,76
637,pistol,pistolet,2
638,place,endroit,229
639,plague,peste,77
640,plain,plaine,83
641,plead,plaider,34
642,please,S'il vous plaît,280
643,pleasure,plaisir,84
644,pluck,cueillir,85
645,poins,poins,0
646,point,point,90
647,poison,poison,49
648,policy,politique,26
649,polixenes,polixènes,0
650,pompey,pompey,0
651,porter,porter,8
652,possible,possible,27
653,posthumus,posthume,0
654,pound,livre,40
655,power,Puissance,205
656,practice,entraine toi,24
657,praise,louange,119
658,prayers,prières,49
659,precious,précieux,68
660,prepare,préparer,37
661,presence,présence,64
662,present,présent,196
663,pretty,jolie,95
664,pride,fierté,55
665,priest,prêtre,27
666,prince,prince,49
667,prison,prison,32
668,private,privé,54
669,prize,prix,25
670,proceed,procéder,24
671,proclaim,proclamer,28
672,profit,profit,26
673,prohibited,interdit,0
674,project,projet,9
675,prologue,prologue,12
676,promise,promettre,68
677,proof,preuve,41
678,proper,correct,57
679,protector,protecteur,1
680,protest,manifestation,29
681,proud,fier,142
682,prove,prouver,203
683,provided,à condition de,21
684,public,Publique,53
685,purpose,objectif,113
686,purse,bourse,36
687,quality,qualité,28
688,quarrel,querelle,65
689,queen,reine,51
690,question,question,87
691,quick,rapide,59
692,quiet,silencieux,47
693,quite,assez,55
694,quoth,quoth,61
695,raise,élever,41
696,ransom,une rançon,34
697,rascal,coquin,21
698,rather,plutôt,242
699,readable,lisible,1
700,ready,prêt,71
701,realm,domaine,25
702,reason,raison,173
703,receive,recevoir,71
704,regard,qui concerne,26
705,reign,règne,19
706,reignier,règne,0
707,remain,rester,39
708,remedy,remède,12
709,remember,rappelles toi,114
710,render,rendre,37
711,repair,réparation,29
712,repent,se repentir,32
713,report,rapport,88
714,reputation,réputation,22
715,request,demande,32
716,respect,le respect,66
717,return,revenir,116
718,revenge,vengeance,67
719,reverence,révérence,20
720,revolt,révolte,22
721,right,droite,193
722,rivers,rivières,8
723,rogue,coquin,20
724,rotten,pourri,31
725,rough,rugueux,47
726,round,rond,50
727,royal,Royal,192
728,sacred,sacré,46
729,safety,sécurité,41
730,saint,Saint,5
731,salerio,salerio,0
732,satisfied,satisfait,13
733,saying,en disant,37
734,scarce,rare,63
735,scene,scène,25
736,scorn,mépris,68
737,search,chercher,23
738,season,saison,19
739,second,seconde,91
740,secret,secret,52
741,seeing,voyant,31
742,senate,sénat,0
743,senator,sénateur,3
744,sense,sens,71
745,sentence,phrase,27
746,servant,serviteur,84
747,serve,servir,154
748,service,un service,110
749,seven,Sept,56
750,several,nombreuses,79
751,shadow,ombre,46
752,shake,secouer,80
753,shall,doit,3016
754,shame,la honte,148
755,shape,forme,54
756,sharp,tranchant,57
757,shepherd,berger,22
758,shine,éclat,26
759,shore,rive,17
760,short,court,61
761,shortly,prochainement,28
762,should,devrait,1387
763,shows,montre,79
764,sickness,maladie,33
765,sight,vue,93
766,silence,silence,34
767,silver,argent,42
768,simple,Facile,61
769,since,depuis,252
770,single,Célibataire,53
771,sirrah,sirrah,3
772,sister,sœur,77
773,skill,compétence,24
774,slain,tué,50
775,slander,calomnie,28
776,slave,esclave,46
777,sleep,sommeil,113
778,slender,mince,8
779,small,petit,73
780,smell,odeur,42
781,smile,sourire,45
782,soldier,soldat,58
783,solemn,solennel,37
784,somerset,somerset,0
785,something,quelque chose,127
786,sometime,parfois,56
787,sooner,plus tôt,49
788,soothsayer,devin,2
789,sorrow,chagrin,110
790,sorry,Pardon,71
791,sought,recherché,30
792,souls,âmes,64
793,sound,du son,99
794,sovereign,souverain,64
795,spare,de rechange,44
796,speak,parler,691
797,speaks,parle,95
798,special,spécial,36
799,speech,discours,62
800,speed,la vitesse,63
801,spend,dépenser,60
802,spirit,esprit,143
803,spite,dépit,41
804,spoke,parlait,112
805,sport,sport,64
806,spring,printemps,30
807,staff,Personnel,19
808,stain,tache,31
809,stand,supporter,377
810,stars,étoiles,38
811,state,Etat,165
812,steal,voler,66
813,steel,acier,32
814,steward,intendant,12
815,still,encore,331
816,stomach,estomac,15
817,stone,calcul,21
818,stood,se tenait,71
819,store,boutique,24
820,storm,orage,24
821,story,récit,41
822,straight,tout droit,68
823,strange,étrange,168
824,street,rue,56
825,strength,force,76
826,strike,la grève,90
827,stroke,accident vasculaire cérébral,31
828,strong,fort,130
829,struck,frappé,61
830,study,étude,36
831,stuff,des trucs,38
832,subject,matière,66
833,substance,substance,26
834,success,Succès,17
835,sudden,soudain,63
836,suddenly,tout à coup,28
837,suffer,souffrir,66
838,suffolk,suffolk,0
839,summer,été,41
840,supper,souper,21
841,surely,sûrement,25
842,surrey,Surrey,0
843,suspect,suspect,30
844,swear,jurer,178
845,sweat,transpiration,25
846,sweet,sucré,580
847,swift,rapide,55
848,sword,épée,169
849,swore,juré,43
850,sworn,juré,97
851,syracuse,Syracuse,0
852,table,table,29
853,tailor,tailleur,16
854,taken,pris,65
855,talbot,talbot,0
856,tarry,goudronneux,21
857,taste,goût,55
858,taught,enseigné,44
859,teach,enseigner,84
860,tears,larmes,143
861,tedious,fastidieux,35
862,teeth,les dents,28
863,tells,raconte,39
864,tempest,tempête,28
865,tender,soumissionner,121
866,terms,termes,45
867,thank,remercier,275
868,their,leur,1934
869,themselves,se,93
870,there,Là,914
871,therefore,par conséquent,280
872,therein,la bride,40
873,these,celles-ci,1034
874,thief,voleur,26
875,thing,chose,251
876,think,pense,791
877,third,troisième,55
878,thomas,Thomas,0
879,those,ceux,458
880,though,bien que,381
881,thought,pensée,281
882,thrive,prospérer,30
883,throat,gorge,24
884,throne,trône,22
885,through,par,208
886,throw,jeter,83
887,thrust,poussée,44
888,thunder,tonnerre,25
889,times,fois,158
890,title,Titre,64
891,together,ensemble,79
892,tongue,langue,229
893,tonight,ce soir,19
894,touch,toucher,88
895,toward,vers,83
896,tower,la tour,3
897,train,train,44
898,traitor,traitre,53
899,tread,bande de roulement,32
900,treason,trahison,42
901,treasure,Trésor,33
902,trial,procès,31
903,tribunes,tribunes,15
904,trick,tour,36
905,triumph,triomphe,23
906,trouble,difficulté,55
907,truly,vraiment,77
908,trumpet,trompette,48
909,trust,confiance,123
910,truth,vérité,163
911,turns,se tourne,41
912,twice,deux fois,52
913,tyrant,tyran,28
914,ulysses,Ulysse,0
915,uncle,oncle,84
916,under,sous,196
917,understand,comprendre,82
918,undertake,entreprendre,40
919,undone,défait,22
920,unhappy,malheureux,24
921,unknown,inconnue,23
922,unless,sauf si,64
923,until,jusqu'à,41
924,unworthy,indigne,30
925,utter,prononcer,30
926,valentine,Valentin,0
927,valiant,vaillant,106
928,valour,valeur,48
929,vantage,avantage,20
930,vengeance,vengeance,36
931,venice,venise,0
932,version,version,1
933,victory,la victoire,14
934,villain,scélérat,68
935,viola,alto,0
936,violent,violent,37
937,virtue,vertu,115
938,visit,visite,49
939,voice,voix,85
940,walls,des murs,51
941,warlike,guerrier,56
942,warrant,mandat,139
943,waste,déchets,34
944,watch,regarder,73
945,water,eau,82
946,wealth,richesse,51
947,weapons,armes,20
948,weary,se lasser,53
949,weeds,mauvaises herbes,24
950,weeping,larmes,30
951,weight,poids,31
952,welcome,Bienvenue,133
953,wench,jeune fille,17
954,whence,d'où,54
955,where,où,605
956,wherein,où,60
957,whether,qu'il s'agisse,55
958,which,lequel,1337
959,while,tandis que,122
960,whither,où,29
961,whole,entier,107
962,whore,putain,10
963,whose,dont,378
964,widow,veuve,36
965,willing,prêt,26
966,window,la fenêtre,20
967,wings,ailes,32
968,winter,hiver,29
969,wisdom,sagesse,64
970,witch,sorcière,21
971,withal,avec,33
972,within,dans,201
973,without,sans pour autant,270
974,witness,témoin,74
975,wives,épouses,26
976,wolsey,Wolsey,0
977,woman,femme,152
978,wonder,merveille,73
979,works,travaux,19
980,world,monde,342
981,worse,pire,102
982,worship,culte,58
983,worth,vaut,158
984,would,aurait,1974
985,wound,blessure,43
986,wounded,blessés,26
987,wrath,colère,21
988,wretch,misérable,22
989,write,écrire,89
990,written,écrit,29
991,wrong,faux,112
992,wrought,forgé,34
993,yield,rendement,104
994,yonder,là-bas,42
995,young,Jeune,345
996,yours,le tiens,77
997,yourself,toi même,146
998,youth,jeunesse,142
